{
  "root_path": "D:/reddit_data/chunked_data/chunks_of_100/text_chunks/",
  "do_all_languages": true,
  "do_families": false,
  "do_binary":false,
  "normalize_users_per_label": true,
  "do_all_feature_combinations": false,
  "mix_chunks": false,
  "only_europe": true,
  "europe_and_different_users_non_europe": false,
  "all_lang": [
    "reddit.UK.txt.tok.clean English",
    "reddit.US.txt.tok.clean English",
    "reddit.NewZealand.txt.tok.clean English",
    "reddit.Australia.txt.tok.clean English",
    "reddit.Ireland.txt.tok.clean English",
    "reddit.Austria.txt.tok.clean German",
    "reddit.Germany.txt.tok.clean German",
    "reddit.Albania.txt.tok.clean Albania",
    "reddit.Bosnia.txt.tok.clean Bosnia",
    "reddit.Bulgaria.txt.tok.clean Bulgaria",
    "reddit.Croatia.txt.tok.clean Croatia",
    "reddit.Czech.txt.tok.clean Czech",
    "reddit.Denmark.txt.tok.clean Denmark",
    "reddit.Estonia.txt.tok.clean Estonia",
    "reddit.Finland.txt.tok.clean Finland",
    "reddit.France.txt.tok.clean France",
    "reddit.Greece.txt.tok.clean Greece",
    "reddit.Hungary.txt.tok.clean Hungary",
    "reddit.Iceland.txt.tok.clean Iceland",
    "reddit.Italy.txt.tok.clean Italy",
    "reddit.Latvia.txt.tok.clean Latvia",
    "reddit.Lithuania.txt.tok.clean Lithuania",
    "reddit.Netherlands.txt.tok.clean Netherlands",
    "reddit.Norway.txt.tok.clean Norway",
    "reddit.Poland.txt.tok.clean Poland",
    "reddit.Portugal.txt.tok.clean Portugal",
    "reddit.Romania.txt.tok.clean Romania",
    "reddit.Russia.txt.tok.clean Russia",
    "reddit.Serbia.txt.tok.clean Serbia",
    "reddit.Slovakia.txt.tok.clean Slovakia",
    "reddit.Slovenia.txt.tok.clean Slovenia",
    "reddit.Spain.txt.tok.clean Spanish",
    "reddit.Mexico.txt.tok.clean Spanish",
    "reddit.Sweden.txt.tok.clean Sweden",
    "reddit.Turkey.txt.tok.clean Turkey",
    "reddit.Ukraine.txt.tok.clean Ukraine"

  ],
  "family": [
    "reddit.Albania.txt.tok.clean Others",
    "reddit.Estonia.txt.tok.clean Others",
    "reddit.Finland.txt.tok.clean Others",
    "reddit.Greece.txt.tok.clean Others",
    "reddit.Hungary.txt.tok.clean Others",
    "reddit.Turkey.txt.tok.clean Others",
    "reddit.Austria.txt.tok.clean Germanic",
    "reddit.Denmark.txt.tok.clean Germanic",
    "reddit.Germany.txt.tok.clean Germanic",
    "reddit.Iceland.txt.tok.clean Germanic",
    "reddit.Sweden.txt.tok.clean Germanic",
    "reddit.Netherlands.txt.tok.clean Germanic",
    "reddit.Norway.txt.tok.clean Germanic",
    "reddit.Bosnia.txt.tok.clean BaltoSlavic",
    "reddit.Bulgaria.txt.tok.clean BaltoSlavic",
    "reddit.Croatia.txt.tok.clean BaltoSlavic",
    "reddit.Czech.txt.tok.clean BaltoSlavic",
    "reddit.Latvia.txt.tok.clean BaltoSlavic",
    "reddit.Lithuania.txt.tok.clean BaltoSlavic",
    "reddit.Poland.txt.tok.clean BaltoSlavic",
    "reddit.Russia.txt.tok.clean BaltoSlavic",
    "reddit.Serbia.txt.tok.clean BaltoSlavic",
    "reddit.Slovakia.txt.tok.clean BaltoSlavic",
    "reddit.Slovenia.txt.tok.clean BaltoSlavic",
    "reddit.Ukraine.txt.tok.clean BaltoSlavic",
    "reddit.Portugal.txt.tok.clean Romance",
    "reddit.Romania.txt.tok.clean Romance",
    "reddit.Spain.txt.tok.clean Romance",
    "reddit.France.txt.tok.clean Romance",
    "reddit.Italy.txt.tok.clean Romance",
    "reddit.Mexico.txt.tok.clean Romance",
    "reddit.UK.txt.tok.clean English",
    "reddit.US.txt.tok.clean English",
    "reddit.NewZealand.txt.tok.clean English",
    "reddit.Australia.txt.tok.clean English",
    "reddit.Ireland.txt.tok.clean English"
  ],
  "binary": [
    "reddit.Austria.txt.tok.clean NN",
    "reddit.Albania.txt.tok.clean NN",
    "reddit.Bosnia.txt.tok.clean NN",
    "reddit.Bulgaria.txt.tok.clean NN",
    "reddit.Croatia.txt.tok.clean NN",
    "reddit.Czech.txt.tok.clean NN",
    "reddit.Denmark.txt.tok.clean NN",
    "reddit.Estonia.txt.tok.clean NN",
    "reddit.Finland.txt.tok.clean NN",
    "reddit.France.txt.tok.clean NN",
    "reddit.Germany.txt.tok.clean NN",
    "reddit.Greece.txt.tok.clean NN",
    "reddit.Hungary.txt.tok.clean NN",
    "reddit.Iceland.txt.tok.clean NN",
    "reddit.Italy.txt.tok.clean NN",
    "reddit.Latvia.txt.tok.clean NN",
    "reddit.Lithuania.txt.tok.clean NN",
    "reddit.Mexico.txt.tok.clean NN",
    "reddit.Netherlands.txt.tok.clean NN",
    "reddit.Norway.txt.tok.clean NN",
    "reddit.Poland.txt.tok.clean NN",
    "reddit.Portugal.txt.tok.clean NN",
    "reddit.Romania.txt.tok.clean NN",
    "reddit.Russia.txt.tok.clean NN",
    "reddit.Serbia.txt.tok.clean NN",
    "reddit.Slovakia.txt.tok.clean NN",
    "reddit.Slovenia.txt.tok.clean NN",
    "reddit.Spain.txt.tok.clean NN",
    "reddit.Sweden.txt.tok.clean NN",
    "reddit.Turkey.txt.tok.clean NN",
    "reddit.Ukraine.txt.tok.clean NN",
    "reddit.UK.txt.tok.clean N",
    "reddit.US.txt.tok.clean N",
    "reddit.NewZealand.txt.tok.clean N",
    "reddit.Australia.txt.tok.clean N",
    "reddit.Ireland.txt.tok.clean N"
  ]
}